1910,BOS,AL
1910,CHA,AL
1910,CLE,AL
1910,DET,AL
1910,NYA,AL
1910,PHA,AL
1910,SLA,AL
1910,WS1,AL
1910,BRO,NL
1910,BSN,NL
1910,CHN,NL
1910,CIN,NL
1910,NY1,NL
1910,PHI,NL
1910,PIT,NL
1910,SLN,NL
1911,BOS,AL
1911,CHA,AL
1911,CLE,AL
1911,DET,AL
1911,NYA,AL
1911,PHA,AL
1911,SLA,AL
1911,WS1,AL
1911,BRO,NL
1911,BSN,NL
1911,CHN,NL
1911,CIN,NL
1911,NY1,NL
1911,PHI,NL
1911,PIT,NL
1911,SLN,NL
1912,BOS,AL
1912,CHA,AL
1912,CLE,AL
1912,DET,AL
1912,NYA,AL
1912,PHA,AL
1912,SLA,AL
1912,WS1,AL
1912,BRO,NL
1912,BSN,NL
1912,CHN,NL
1912,CIN,NL
1912,NY1,NL
1912,PHI,NL
1912,PIT,NL
1912,SLN,NL
1913,BOS,AL
1913,CHA,AL
1913,CLE,AL
1913,DET,AL
1913,NYA,AL
1913,PHA,AL
1913,SLA,AL
1913,WS1,AL
1913,BRO,NL
1913,BSN,NL
1913,CHN,NL
1913,CIN,NL
1913,NY1,NL
1913,PHI,NL
1913,PIT,NL
1913,SLN,NL
1914,BOS,AL
1914,CHA,AL
1914,CLE,AL
1914,DET,AL
1914,NYA,AL
1914,PHA,AL
1914,SLA,AL
1914,WS1,AL
1914,BRO,NL
1914,BSN,NL
1914,CHN,NL
1914,CIN,NL
1914,NY1,NL
1914,PHI,NL
1914,PIT,NL
1914,SLN,NL
1915,BOS,AL
1915,CHA,AL
1915,CLE,AL
1915,DET,AL
1915,NYA,AL
1915,PHA,AL
1915,SLA,AL
1915,WS1,AL
1915,BRO,NL
1915,BSN,NL
1915,CHN,NL
1915,CIN,NL
1915,NY1,NL
1915,PHI,NL
1915,PIT,NL
1915,SLN,NL
1916,BOS,AL
1916,CHA,AL
1916,CLE,AL
1916,DET,AL
1916,NYA,AL
1916,PHA,AL
1916,SLA,AL
1916,WS1,AL
1916,BRO,NL
1916,BSN,NL
1916,CHN,NL
1916,CIN,NL
1916,NY1,NL
1916,PHI,NL
1916,PIT,NL
1916,SLN,NL
1917,BOS,AL
1917,CHA,AL
1917,CLE,AL
1917,DET,AL
1917,NYA,AL
1917,PHA,AL
1917,SLA,AL
1917,WS1,AL
1917,BRO,NL
1917,BSN,NL
1917,CHN,NL
1917,CIN,NL
1917,NY1,NL
1917,PHI,NL
1917,PIT,NL
1917,SLN,NL
1918,BOS,AL
1918,CHA,AL
1918,CLE,AL
1918,DET,AL
1918,NYA,AL
1918,PHA,AL
1918,SLA,AL
1918,WS1,AL
1918,BRO,NL
1918,BSN,NL
1918,CHN,NL
1918,CIN,NL
1918,NY1,NL
1918,PHI,NL
1918,PIT,NL
1918,SLN,NL
1919,BOS,AL
1919,CHA,AL
1919,CLE,AL
1919,DET,AL
1919,NYA,AL
1919,PHA,AL
1919,SLA,AL
1919,WS1,AL
1919,BRO,NL
1919,BSN,NL
1919,CHN,NL
1919,CIN,NL
1919,NY1,NL
1919,PHI,NL
1919,PIT,NL
1919,SLN,NL
1920,BOS,AL
1920,CHA,AL
1920,CLE,AL
1920,DET,AL
1920,NYA,AL
1920,PHA,AL
1920,SLA,AL
1920,WS1,AL
1920,BRO,NL
1920,BSN,NL
1920,CHN,NL
1920,CIN,NL
1920,NY1,NL
1920,PHI,NL
1920,PIT,NL
1920,SLN,NL
1921,BOS,AL
1921,CHA,AL
1921,CLE,AL
1921,DET,AL
1921,NYA,AL
1921,PHA,AL
1921,SLA,AL
1921,WS1,AL
1921,BRO,NL
1921,BSN,NL
1921,CHN,NL
1921,CIN,NL
1921,NY1,NL
1921,PHI,NL
1921,PIT,NL
1921,SLN,NL
1922,BOS,AL
1922,CHA,AL
1922,CLE,AL
1922,DET,AL
1922,NYA,AL
1922,PHA,AL
1922,SLA,AL
1922,WS1,AL
1922,BRO,NL
1922,BSN,NL
1922,CHN,NL
1922,CIN,NL
1922,NY1,NL
1922,PHI,NL
1922,PIT,NL
1922,SLN,NL
1923,BOS,AL
1923,CHA,AL
1923,CLE,AL
1923,DET,AL
1923,NYA,AL
1923,PHA,AL
1923,SLA,AL
1923,WS1,AL
1923,BRO,NL
1923,BSN,NL
1923,CHN,NL
1923,CIN,NL
1923,NY1,NL
1923,PHI,NL
1923,PIT,NL
1923,SLN,NL
1924,BOS,AL
1924,CHA,AL
1924,CLE,AL
1924,DET,AL
1924,NYA,AL
1924,PHA,AL
1924,SLA,AL
1924,WS1,AL
1924,BRO,NL
1924,BSN,NL
1924,CHN,NL
1924,CIN,NL
1924,NY1,NL
1924,PHI,NL
1924,PIT,NL
1924,SLN,NL
1925,BOS,AL
1925,CHA,AL
1925,CLE,AL
1925,DET,AL
1925,NYA,AL
1925,PHA,AL
1925,SLA,AL
1925,WS1,AL
1925,BRO,NL
1925,BSN,NL
1925,CHN,NL
1925,CIN,NL
1925,NY1,NL
1925,PHI,NL
1925,PIT,NL
1925,SLN,NL
1926,BOS,AL
1926,CHA,AL
1926,CLE,AL
1926,DET,AL
1926,NYA,AL
1926,PHA,AL
1926,SLA,AL
1926,WS1,AL
1926,BRO,NL
1926,BSN,NL
1926,CHN,NL
1926,CIN,NL
1926,NY1,NL
1926,PHI,NL
1926,PIT,NL
1926,SLN,NL
1927,BOS,AL
1927,CHA,AL
1927,CLE,AL
1927,DET,AL
1927,NYA,AL
1927,PHA,AL
1927,SLA,AL
1927,WS1,AL
1927,BRO,NL
1927,BSN,NL
1927,CHN,NL
1927,CIN,NL
1927,NY1,NL
1927,PHI,NL
1927,PIT,NL
1927,SLN,NL
1928,BOS,AL
1928,CHA,AL
1928,CLE,AL
1928,DET,AL
1928,NYA,AL
1928,PHA,AL
1928,SLA,AL
1928,WS1,AL
1928,BRO,NL
1928,BSN,NL
1928,CHN,NL
1928,CIN,NL
1928,NY1,NL
1928,PHI,NL
1928,PIT,NL
1928,SLN,NL
1929,BOS,AL
1929,CHA,AL
1929,CLE,AL
1929,DET,AL
1929,NYA,AL
1929,PHA,AL
1929,SLA,AL
1929,WS1,AL
1929,BRO,NL
1929,BSN,NL
1929,CHN,NL
1929,CIN,NL
1929,NY1,NL
1929,PHI,NL
1929,PIT,NL
1929,SLN,NL
1930,BOS,AL
1930,CHA,AL
1930,CLE,AL
1930,DET,AL
1930,NYA,AL
1930,PHA,AL
1930,SLA,AL
1930,WS1,AL
1930,BRO,NL
1930,BSN,NL
1930,CHN,NL
1930,CIN,NL
1930,NY1,NL
1930,PHI,NL
1930,PIT,NL
1930,SLN,NL
1931,BOS,AL
1931,CHA,AL
1931,CLE,AL
1931,DET,AL
1931,NYA,AL
1931,PHA,AL
1931,SLA,AL
1931,WS1,AL
1931,BRO,NL
1931,BSN,NL
1931,CHN,NL
1931,CIN,NL
1931,NY1,NL
1931,PHI,NL
1931,PIT,NL
1931,SLN,NL
1932,BOS,AL
1932,CHA,AL
1932,CLE,AL
1932,DET,AL
1932,NYA,AL
1932,PHA,AL
1932,SLA,AL
1932,WS1,AL
1932,BRO,NL
1932,BSN,NL
1932,CHN,NL
1932,CIN,NL
1932,NY1,NL
1932,PHI,NL
1932,PIT,NL
1932,SLN,NL
1933,BOS,AL
1933,CHA,AL
1933,CLE,AL
1933,DET,AL
1933,NYA,AL
1933,PHA,AL
1933,SLA,AL
1933,WS1,AL
1933,BRO,NL
1933,BSN,NL
1933,CHN,NL
1933,CIN,NL
1933,NY1,NL
1933,PHI,NL
1933,PIT,NL
1933,SLN,NL
1934,BOS,AL
1934,CHA,AL
1934,CLE,AL
1934,DET,AL
1934,NYA,AL
1934,PHA,AL
1934,SLA,AL
1934,WS1,AL
1934,BRO,NL
1934,BSN,NL
1934,CHN,NL
1934,CIN,NL
1934,NY1,NL
1934,PHI,NL
1934,PIT,NL
1934,SLN,NL
1935,BOS,AL
1935,CHA,AL
1935,CLE,AL
1935,DET,AL
1935,NYA,AL
1935,PHA,AL
1935,SLA,AL
1935,WS1,AL
1935,BRO,NL
1935,BSN,NL
1935,CHN,NL
1935,CIN,NL
1935,NY1,NL
1935,PHI,NL
1935,PIT,NL
1935,SLN,NL
1936,BOS,AL
1936,CHA,AL
1936,CLE,AL
1936,DET,AL
1936,NYA,AL
1936,PHA,AL
1936,SLA,AL
1936,WS1,AL
1936,BRO,NL
1936,BSN,NL
1936,CHN,NL
1936,CIN,NL
1936,NY1,NL
1936,PHI,NL
1936,PIT,NL
1936,SLN,NL
1937,BOS,AL
1937,CHA,AL
1937,CLE,AL
1937,DET,AL
1937,NYA,AL
1937,PHA,AL
1937,SLA,AL
1937,WS1,AL
1937,BRO,NL
1937,BSN,NL
1937,CHN,NL
1937,CIN,NL
1937,NY1,NL
1937,PHI,NL
1937,PIT,NL
1937,SLN,NL
1938,BOS,AL
1938,CHA,AL
1938,CLE,AL
1938,DET,AL
1938,NYA,AL
1938,PHA,AL
1938,SLA,AL
1938,WS1,AL
1938,BRO,NL
1938,BSN,NL
1938,CHN,NL
1938,CIN,NL
1938,NY1,NL
1938,PHI,NL
1938,PIT,NL
1938,SLN,NL
1939,BOS,AL
1939,CHA,AL
1939,CLE,AL
1939,DET,AL
1939,NYA,AL
1939,PHA,AL
1939,SLA,AL
1939,WS1,AL
1939,BRO,NL
1939,BSN,NL
1939,CHN,NL
1939,CIN,NL
1939,NY1,NL
1939,PHI,NL
1939,PIT,NL
1939,SLN,NL
1940,BOS,AL
1940,CHA,AL
1940,CLE,AL
1940,DET,AL
1940,NYA,AL
1940,PHA,AL
1940,SLA,AL
1940,WS1,AL
1940,BRO,NL
1940,BSN,NL
1940,CHN,NL
1940,CIN,NL
1940,NY1,NL
1940,PHI,NL
1940,PIT,NL
1940,SLN,NL
1941,BOS,AL
1941,CHA,AL
1941,CLE,AL
1941,DET,AL
1941,NYA,AL
1941,PHA,AL
1941,SLA,AL
1941,WS1,AL
1941,BRO,NL
1941,BSN,NL
1941,CHN,NL
1941,CIN,NL
1941,NY1,NL
1941,PHI,NL
1941,PIT,NL
1941,SLN,NL
1942,BOS,AL
1942,CHA,AL
1942,CLE,AL
1942,DET,AL
1942,NYA,AL
1942,PHA,AL
1942,SLA,AL
1942,WS1,AL
1942,BRO,NL
1942,BSN,NL
1942,CHN,NL
1942,CIN,NL
1942,NY1,NL
1942,PHI,NL
1942,PIT,NL
1942,SLN,NL
1943,BOS,AL
1943,CHA,AL
1943,CLE,AL
1943,DET,AL
1943,NYA,AL
1943,PHA,AL
1943,SLA,AL
1943,WS1,AL
1943,BRO,NL
1943,BSN,NL
1943,CHN,NL
1943,CIN,NL
1943,NY1,NL
1943,PHI,NL
1943,PIT,NL
1943,SLN,NL
1944,BOS,AL
1944,CHA,AL
1944,CLE,AL
1944,DET,AL
1944,NYA,AL
1944,PHA,AL
1944,SLA,AL
1944,WS1,AL
1944,BRO,NL
1944,BSN,NL
1944,CHN,NL
1944,CIN,NL
1944,NY1,NL
1944,PHI,NL
1944,PIT,NL
1944,SLN,NL
1945,BOS,AL
1945,CHA,AL
1945,CLE,AL
1945,DET,AL
1945,NYA,AL
1945,PHA,AL
1945,SLA,AL
1945,WS1,AL
1945,BRO,NL
1945,BSN,NL
1945,CHN,NL
1945,CIN,NL
1945,NY1,NL
1945,PHI,NL
1945,PIT,NL
1945,SLN,NL
1946,BOS,AL
1946,CHA,AL
1946,CLE,AL
1946,DET,AL
1946,NYA,AL
1946,PHA,AL
1946,SLA,AL
1946,WS1,AL
1946,BRO,NL
1946,BSN,NL
1946,CHN,NL
1946,CIN,NL
1946,NY1,NL
1946,PHI,NL
1946,PIT,NL
1946,SLN,NL
1947,BOS,AL
1947,CHA,AL
1947,CLE,AL
1947,DET,AL
1947,NYA,AL
1947,PHA,AL
1947,SLA,AL
1947,WS1,AL
1947,BRO,NL
1947,BSN,NL
1947,CHN,NL
1947,CIN,NL
1947,NY1,NL
1947,PHI,NL
1947,PIT,NL
1947,SLN,NL
1948,BOS,AL
1948,CHA,AL
1948,CLE,AL
1948,DET,AL
1948,NYA,AL
1948,PHA,AL
1948,SLA,AL
1948,WS1,AL
1948,BRO,NL
1948,BSN,NL
1948,CHN,NL
1948,CIN,NL
1948,NY1,NL
1948,PHI,NL
1948,PIT,NL
1948,SLN,NL
1949,BOS,AL
1949,CHA,AL
1949,CLE,AL
1949,DET,AL
1949,NYA,AL
1949,PHA,AL
1949,SLA,AL
1949,WS1,AL
1949,BRO,NL
1949,BSN,NL
1949,CHN,NL
1949,CIN,NL
1949,NY1,NL
1949,PHI,NL
1949,PIT,NL
1949,SLN,NL
1950,BOS,AL
1950,CHA,AL
1950,CLE,AL
1950,DET,AL
1950,NYA,AL
1950,PHA,AL
1950,SLA,AL
1950,WS1,AL
1950,BRO,NL
1950,BSN,NL
1950,CHN,NL
1950,CIN,NL
1950,NY1,NL
1950,PHI,NL
1950,PIT,NL
1950,SLN,NL
1951,BOS,AL
1951,CHA,AL
1951,CLE,AL
1951,DET,AL
1951,NYA,AL
1951,PHA,AL
1951,SLA,AL
1951,WS1,AL
1951,BRO,NL
1951,BSN,NL
1951,CHN,NL
1951,CIN,NL
1951,NY1,NL
1951,PHI,NL
1951,PIT,NL
1951,SLN,NL
1952,BOS,AL
1952,CHA,AL
1952,CLE,AL
1952,DET,AL
1952,NYA,AL
1952,PHA,AL
1952,SLA,AL
1952,WS1,AL
1952,BRO,NL
1952,BSN,NL
1952,CHN,NL
1952,CIN,NL
1952,NY1,NL
1952,PHI,NL
1952,PIT,NL
1952,SLN,NL
1953,BOS,AL
1953,CHA,AL
1953,CLE,AL
1953,DET,AL
1953,NYA,AL
1953,PHA,AL
1953,SLA,AL
1953,WS1,AL
1953,BRO,NL
1953,CHN,NL
1953,CIN,NL
1953,MLN,NL
1953,NY1,NL
1953,PHI,NL
1953,PIT,NL
1953,SLN,NL
1954,BAL,AL
1954,BOS,AL
1954,CHA,AL
1954,CLE,AL
1954,DET,AL
1954,NYA,AL
1954,PHA,AL
1954,WS1,AL
1954,BRO,NL
1954,CHN,NL
1954,CIN,NL
1954,MLN,NL
1954,NY1,NL
1954,PHI,NL
1954,PIT,NL
1954,SLN,NL
1955,BAL,AL
1955,BOS,AL
1955,CHA,AL
1955,CLE,AL
1955,DET,AL
1955,KC1,AL
1955,NYA,AL
1955,WS1,AL
1955,BRO,NL
1955,CHN,NL
1955,CIN,NL
1955,MLN,NL
1955,NY1,NL
1955,PHI,NL
1955,PIT,NL
1955,SLN,NL
1956,BAL,AL
1956,BOS,AL
1956,CHA,AL
1956,CLE,AL
1956,DET,AL
1956,KC1,AL
1956,NYA,AL
1956,WS1,AL
1956,BRO,NL
1956,CHN,NL
1956,CIN,NL
1956,MLN,NL
1956,NY1,NL
1956,PHI,NL
1956,PIT,NL
1956,SLN,NL
1957,BAL,AL
1957,BOS,AL
1957,CHA,AL
1957,CLE,AL
1957,DET,AL
1957,KC1,AL
1957,NYA,AL
1957,WS1,AL
1957,BRO,NL
1957,CHN,NL
1957,CIN,NL
1957,MLN,NL
1957,NY1,NL
1957,PHI,NL
1957,PIT,NL
1957,SLN,NL
1958,BAL,AL
1958,BOS,AL
1958,CHA,AL
1958,CLE,AL
1958,DET,AL
1958,KC1,AL
1958,NYA,AL
1958,WS1,AL
1958,CHN,NL
1958,CIN,NL
1958,LAN,NL
1958,MLN,NL
1958,PHI,NL
1958,PIT,NL
1958,SFN,NL
1958,SLN,NL
1959,BAL,AL
1959,BOS,AL
1959,CHA,AL
1959,CLE,AL
1959,DET,AL
1959,KC1,AL
1959,NYA,AL
1959,WS1,AL
1959,CHN,NL
1959,CIN,NL
1959,LAN,NL
1959,MLN,NL
1959,PHI,NL
1959,PIT,NL
1959,SFN,NL
1959,SLN,NL
1960,BAL,AL
1960,BOS,AL
1960,CHA,AL
1960,CLE,AL
1960,DET,AL
1960,KC1,AL
1960,NYA,AL
1960,WS1,AL
1960,CHN,NL
1960,CIN,NL
1960,LAN,NL
1960,MLN,NL
1960,PHI,NL
1960,PIT,NL
1960,SFN,NL
1960,SLN,NL
1961,BAL,AL
1961,BOS,AL
1961,CHA,AL
1961,CLE,AL
1961,DET,AL
1961,KC1,AL
1961,LAA,AL
1961,MIN,AL
1961,NYA,AL
1961,WS2,AL
1961,CHN,NL
1961,CIN,NL
1961,LAN,NL
1961,MLN,NL
1961,PHI,NL
1961,PIT,NL
1961,SFN,NL
1961,SLN,NL
1962,BAL,AL
1962,BOS,AL
1962,CHA,AL
1962,CLE,AL
1962,DET,AL
1962,KC1,AL
1962,LAA,AL
1962,MIN,AL
1962,NYA,AL
1962,WS2,AL
1962,CHN,NL
1962,CIN,NL
1962,HOU,NL
1962,LAN,NL
1962,MLN,NL
1962,NYN,NL
1962,PHI,NL
1962,PIT,NL
1962,SFN,NL
1962,SLN,NL
1963,BAL,AL
1963,BOS,AL
1963,CHA,AL
1963,CLE,AL
1963,DET,AL
1963,KC1,AL
1963,LAA,AL
1963,MIN,AL
1963,NYA,AL
1963,WS2,AL
1963,CHN,NL
1963,CIN,NL
1963,HOU,NL
1963,LAN,NL
1963,MLN,NL
1963,NYN,NL
1963,PHI,NL
1963,PIT,NL
1963,SFN,NL
1963,SLN,NL
1964,BAL,AL
1964,BOS,AL
1964,CHA,AL
1964,CLE,AL
1964,DET,AL
1964,KC1,AL
1964,LAA,AL
1964,MIN,AL
1964,NYA,AL
1964,WS2,AL
1964,CHN,NL
1964,CIN,NL
1964,HOU,NL
1964,LAN,NL
1964,MLN,NL
1964,NYN,NL
1964,PHI,NL
1964,PIT,NL
1964,SFN,NL
1964,SLN,NL
1965,BAL,AL
1965,BOS,AL
1965,CAL,AL
1965,CHA,AL
1965,CLE,AL
1965,DET,AL
1965,KC1,AL
1965,MIN,AL
1965,NYA,AL
1965,WS2,AL
1965,CHN,NL
1965,CIN,NL
1965,HOU,NL
1965,LAN,NL
1965,MLN,NL
1965,NYN,NL
1965,PHI,NL
1965,PIT,NL
1965,SFN,NL
1965,SLN,NL
1966,BAL,AL
1966,BOS,AL
1966,CAL,AL
1966,CHA,AL
1966,CLE,AL
1966,DET,AL
1966,KC1,AL
1966,MIN,AL
1966,NYA,AL
1966,WS2,AL
1966,ATL,NL
1966,CHN,NL
1966,CIN,NL
1966,HOU,NL
1966,LAN,NL
1966,NYN,NL
1966,PHI,NL
1966,PIT,NL
1966,SFN,NL
1966,SLN,NL
1967,BAL,AL
1967,BOS,AL
1967,CAL,AL
1967,CHA,AL
1967,CLE,AL
1967,DET,AL
1967,KC1,AL
1967,MIN,AL
1967,NYA,AL
1967,WS2,AL
1967,ATL,NL
1967,CHN,NL
1967,CIN,NL
1967,HOU,NL
1967,LAN,NL
1967,NYN,NL
1967,PHI,NL
1967,PIT,NL
1967,SFN,NL
1967,SLN,NL
1968,BAL,AL
1968,BOS,AL
1968,CAL,AL
1968,CHA,AL
1968,CLE,AL
1968,DET,AL
1968,MIN,AL
1968,NYA,AL
1968,OAK,AL
1968,WS2,AL
1968,ATL,NL
1968,CHN,NL
1968,CIN,NL
1968,HOU,NL
1968,LAN,NL
1968,NYN,NL
1968,PHI,NL
1968,PIT,NL
1968,SFN,NL
1968,SLN,NL
1969,BAL,AL
1969,BOS,AL
1969,CAL,AL
1969,CHA,AL
1969,CLE,AL
1969,DET,AL
1969,KCA,AL
1969,MIN,AL
1969,NYA,AL
1969,OAK,AL
1969,SE1,AL
1969,WS2,AL
1969,ATL,NL
1969,CHN,NL
1969,CIN,NL
1969,HOU,NL
1969,LAN,NL
1969,MON,NL
1969,NYN,NL
1969,PHI,NL
1969,PIT,NL
1969,SDN,NL
1969,SFN,NL
1969,SLN,NL
1970,BAL,AL
1970,BOS,AL
1970,CAL,AL
1970,CHA,AL
1970,CLE,AL
1970,DET,AL
1970,KCA,AL
1970,MIL,AL
1970,MIN,AL
1970,NYA,AL
1970,OAK,AL
1970,WS2,AL
1970,ATL,NL
1970,CHN,NL
1970,CIN,NL
1970,HOU,NL
1970,LAN,NL
1970,MON,NL
1970,NYN,NL
1970,PHI,NL
1970,PIT,NL
1970,SDN,NL
1970,SFN,NL
1970,SLN,NL
1971,BAL,AL
1971,BOS,AL
1971,CAL,AL
1971,CHA,AL
1971,CLE,AL
1971,DET,AL
1971,KCA,AL
1971,MIL,AL
1971,MIN,AL
1971,NYA,AL
1971,OAK,AL
1971,WS2,AL
1971,ATL,NL
1971,CHN,NL
1971,CIN,NL
1971,HOU,NL
1971,LAN,NL
1971,MON,NL
1971,NYN,NL
1971,PHI,NL
1971,PIT,NL
1971,SDN,NL
1971,SFN,NL
1971,SLN,NL
1972,BAL,AL
1972,BOS,AL
1972,CAL,AL
1972,CHA,AL
1972,CLE,AL
1972,DET,AL
1972,KCA,AL
1972,MIL,AL
1972,MIN,AL
1972,NYA,AL
1972,OAK,AL
1972,TEX,AL
1972,ATL,NL
1972,CHN,NL
1972,CIN,NL
1972,HOU,NL
1972,LAN,NL
1972,MON,NL
1972,NYN,NL
1972,PHI,NL
1972,PIT,NL
1972,SDN,NL
1972,SFN,NL
1972,SLN,NL
1973,BAL,AL
1973,BOS,AL
1973,CAL,AL
1973,CHA,AL
1973,CLE,AL
1973,DET,AL
1973,KCA,AL
1973,MIL,AL
1973,MIN,AL
1973,NYA,AL
1973,OAK,AL
1973,TEX,AL
1973,ATL,NL
1973,CHN,NL
1973,CIN,NL
1973,HOU,NL
1973,LAN,NL
1973,MON,NL
1973,NYN,NL
1973,PHI,NL
1973,PIT,NL
1973,SDN,NL
1973,SFN,NL
1973,SLN,NL
1974,BAL,AL
1974,BOS,AL
1974,CAL,AL
1974,CHA,AL
1974,CLE,AL
1974,DET,AL
1974,KCA,AL
1974,MIL,AL
1974,MIN,AL
1974,NYA,AL
1974,OAK,AL
1974,TEX,AL
1974,ATL,NL
1974,CHN,NL
1974,CIN,NL
1974,HOU,NL
1974,LAN,NL
1974,MON,NL
1974,NYN,NL
1974,PHI,NL
1974,PIT,NL
1974,SDN,NL
1974,SFN,NL
1974,SLN,NL
1975,BAL,AL
1975,BOS,AL
1975,CAL,AL
1975,CHA,AL
1975,CLE,AL
1975,DET,AL
1975,KCA,AL
1975,MIL,AL
1975,MIN,AL
1975,NYA,AL
1975,OAK,AL
1975,TEX,AL
1975,ATL,NL
1975,CHN,NL
1975,CIN,NL
1975,HOU,NL
1975,LAN,NL
1975,MON,NL
1975,NYN,NL
1975,PHI,NL
1975,PIT,NL
1975,SDN,NL
1975,SFN,NL
1975,SLN,NL
1976,BAL,AL
1976,BOS,AL
1976,CAL,AL
1976,CHA,AL
1976,CLE,AL
1976,DET,AL
1976,KCA,AL
1976,MIL,AL
1976,MIN,AL
1976,NYA,AL
1976,OAK,AL
1976,TEX,AL
1976,ATL,NL
1976,CHN,NL
1976,CIN,NL
1976,HOU,NL
1976,LAN,NL
1976,MON,NL
1976,NYN,NL
1976,PHI,NL
1976,PIT,NL
1976,SDN,NL
1976,SFN,NL
1976,SLN,NL
1977,BAL,AL
1977,BOS,AL
1977,CAL,AL
1977,CHA,AL
1977,CLE,AL
1977,DET,AL
1977,KCA,AL
1977,MIL,AL
1977,MIN,AL
1977,NYA,AL
1977,OAK,AL
1977,SEA,AL
1977,TEX,AL
1977,TOR,AL
1977,ATL,NL
1977,CHN,NL
1977,CIN,NL
1977,HOU,NL
1977,LAN,NL
1977,MON,NL
1977,NYN,NL
1977,PHI,NL
1977,PIT,NL
1977,SDN,NL
1977,SFN,NL
1977,SLN,NL
1978,BAL,AL
1978,BOS,AL
1978,CAL,AL
1978,CHA,AL
1978,CLE,AL
1978,DET,AL
1978,KCA,AL
1978,MIL,AL
1978,MIN,AL
1978,NYA,AL
1978,OAK,AL
1978,SEA,AL
1978,TEX,AL
1978,TOR,AL
1978,ATL,NL
1978,CHN,NL
1978,CIN,NL
1978,HOU,NL
1978,LAN,NL
1978,MON,NL
1978,NYN,NL
1978,PHI,NL
1978,PIT,NL
1978,SDN,NL
1978,SFN,NL
1978,SLN,NL
1979,BAL,AL
1979,BOS,AL
1979,CAL,AL
1979,CHA,AL
1979,CLE,AL
1979,DET,AL
1979,KCA,AL
1979,MIL,AL
1979,MIN,AL
1979,NYA,AL
1979,OAK,AL
1979,SEA,AL
1979,TEX,AL
1979,TOR,AL
1979,ATL,NL
1979,CHN,NL
1979,CIN,NL
1979,HOU,NL
1979,LAN,NL
1979,MON,NL
1979,NYN,NL
1979,PHI,NL
1979,PIT,NL
1979,SDN,NL
1979,SFN,NL
1979,SLN,NL
1980,BAL,AL
1980,BOS,AL
1980,CAL,AL
1980,CHA,AL
1980,CLE,AL
1980,DET,AL
1980,KCA,AL
1980,MIL,AL
1980,MIN,AL
1980,NYA,AL
1980,OAK,AL
1980,SEA,AL
1980,TEX,AL
1980,TOR,AL
1980,ATL,NL
1980,CHN,NL
1980,CIN,NL
1980,HOU,NL
1980,LAN,NL
1980,MON,NL
1980,NYN,NL
1980,PHI,NL
1980,PIT,NL
1980,SDN,NL
1980,SFN,NL
1980,SLN,NL
1981,BAL,AL
1981,BOS,AL
1981,CAL,AL
1981,CHA,AL
1981,CLE,AL
1981,DET,AL
1981,KCA,AL
1981,MIL,AL
1981,MIN,AL
1981,NYA,AL
1981,OAK,AL
1981,SEA,AL
1981,TEX,AL
1981,TOR,AL
1981,ATL,NL
1981,CHN,NL
1981,CIN,NL
1981,HOU,NL
1981,LAN,NL
1981,MON,NL
1981,NYN,NL
1981,PHI,NL
1981,PIT,NL
1981,SDN,NL
1981,SFN,NL
1981,SLN,NL
1982,BAL,AL
1982,BOS,AL
1982,CAL,AL
1982,CHA,AL
1982,CLE,AL
1982,DET,AL
1982,KCA,AL
1982,MIL,AL
1982,MIN,AL
1982,NYA,AL
1982,OAK,AL
1982,SEA,AL
1982,TEX,AL
1982,TOR,AL
1982,ATL,NL
1982,CHN,NL
1982,CIN,NL
1982,HOU,NL
1982,LAN,NL
1982,MON,NL
1982,NYN,NL
1982,PHI,NL
1982,PIT,NL
1982,SDN,NL
1982,SFN,NL
1982,SLN,NL
1983,BAL,AL
1983,BOS,AL
1983,CAL,AL
1983,CHA,AL
1983,CLE,AL
1983,DET,AL
1983,KCA,AL
1983,MIL,AL
1983,MIN,AL
1983,NYA,AL
1983,OAK,AL
1983,SEA,AL
1983,TEX,AL
1983,TOR,AL
1983,ATL,NL
1983,CHN,NL
1983,CIN,NL
1983,HOU,NL
1983,LAN,NL
1983,MON,NL
1983,NYN,NL
1983,PHI,NL
1983,PIT,NL
1983,SDN,NL
1983,SFN,NL
1983,SLN,NL
1984,BAL,AL
1984,BOS,AL
1984,CAL,AL
1984,CHA,AL
1984,CLE,AL
1984,DET,AL
1984,KCA,AL
1984,MIL,AL
1984,MIN,AL
1984,NYA,AL
1984,OAK,AL
1984,SEA,AL
1984,TEX,AL
1984,TOR,AL
1984,ATL,NL
1984,CHN,NL
1984,CIN,NL
1984,HOU,NL
1984,LAN,NL
1984,MON,NL
1984,NYN,NL
1984,PHI,NL
1984,PIT,NL
1984,SDN,NL
1984,SFN,NL
1984,SLN,NL
1985,BAL,AL
1985,BOS,AL
1985,CAL,AL
1985,CHA,AL
1985,CLE,AL
1985,DET,AL
1985,KCA,AL
1985,MIL,AL
1985,MIN,AL
1985,NYA,AL
1985,OAK,AL
1985,SEA,AL
1985,TEX,AL
1985,TOR,AL
1985,ATL,NL
1985,CHN,NL
1985,CIN,NL
1985,HOU,NL
1985,LAN,NL
1985,MON,NL
1985,NYN,NL
1985,PHI,NL
1985,PIT,NL
1985,SDN,NL
1985,SFN,NL
1985,SLN,NL
1986,BAL,AL
1986,BOS,AL
1986,CAL,AL
1986,CHA,AL
1986,CLE,AL
1986,DET,AL
1986,KCA,AL
1986,MIL,AL
1986,MIN,AL
1986,NYA,AL
1986,OAK,AL
1986,SEA,AL
1986,TEX,AL
1986,TOR,AL
1986,ATL,NL
1986,CHN,NL
1986,CIN,NL
1986,HOU,NL
1986,LAN,NL
1986,MON,NL
1986,NYN,NL
1986,PHI,NL
1986,PIT,NL
1986,SDN,NL
1986,SFN,NL
1986,SLN,NL
1987,BAL,AL
1987,BOS,AL
1987,CAL,AL
1987,CHA,AL
1987,CLE,AL
1987,DET,AL
1987,KCA,AL
1987,MIL,AL
1987,MIN,AL
1987,NYA,AL
1987,OAK,AL
1987,SEA,AL
1987,TEX,AL
1987,TOR,AL
1987,ATL,NL
1987,CHN,NL
1987,CIN,NL
1987,HOU,NL
1987,LAN,NL
1987,MON,NL
1987,NYN,NL
1987,PHI,NL
1987,PIT,NL
1987,SDN,NL
1987,SFN,NL
1987,SLN,NL
1988,BAL,AL
1988,BOS,AL
1988,CAL,AL
1988,CHA,AL
1988,CLE,AL
1988,DET,AL
1988,KCA,AL
1988,MIL,AL
1988,MIN,AL
1988,NYA,AL
1988,OAK,AL
1988,SEA,AL
1988,TEX,AL
1988,TOR,AL
1988,ATL,NL
1988,CHN,NL
1988,CIN,NL
1988,HOU,NL
1988,LAN,NL
1988,MON,NL
1988,NYN,NL
1988,PHI,NL
1988,PIT,NL
1988,SDN,NL
1988,SFN,NL
1988,SLN,NL
1989,BAL,AL
1989,BOS,AL
1989,CAL,AL
1989,CHA,AL
1989,CLE,AL
1989,DET,AL
1989,KCA,AL
1989,MIL,AL
1989,MIN,AL
1989,NYA,AL
1989,OAK,AL
1989,SEA,AL
1989,TEX,AL
1989,TOR,AL
1989,ATL,NL
1989,CHN,NL
1989,CIN,NL
1989,HOU,NL
1989,LAN,NL
1989,MON,NL
1989,NYN,NL
1989,PHI,NL
1989,PIT,NL
1989,SDN,NL
1989,SFN,NL
1989,SLN,NL
1990,BAL,AL
1990,BOS,AL
1990,CAL,AL
1990,CHA,AL
1990,CLE,AL
1990,DET,AL
1990,KCA,AL
1990,MIL,AL
1990,MIN,AL
1990,NYA,AL
1990,OAK,AL
1990,SEA,AL
1990,TEX,AL
1990,TOR,AL
1990,ATL,NL
1990,CHN,NL
1990,CIN,NL
1990,HOU,NL
1990,LAN,NL
1990,MON,NL
1990,NYN,NL
1990,PHI,NL
1990,PIT,NL
1990,SDN,NL
1990,SFN,NL
1990,SLN,NL
1991,BAL,AL
1991,BOS,AL
1991,CAL,AL
1991,CHA,AL
1991,CLE,AL
1991,DET,AL
1991,KCA,AL
1991,MIL,AL
1991,MIN,AL
1991,NYA,AL
1991,OAK,AL
1991,SEA,AL
1991,TEX,AL
1991,TOR,AL
1991,ATL,NL
1991,CHN,NL
1991,CIN,NL
1991,HOU,NL
1991,LAN,NL
1991,MON,NL
1991,NYN,NL
1991,PHI,NL
1991,PIT,NL
1991,SDN,NL
1991,SFN,NL
1991,SLN,NL
1992,BAL,AL
1992,BOS,AL
1992,CAL,AL
1992,CHA,AL
1992,CLE,AL
1992,DET,AL
1992,KCA,AL
1992,MIL,AL
1992,MIN,AL
1992,NYA,AL
1992,OAK,AL
1992,SEA,AL
1992,TEX,AL
1992,TOR,AL
1992,ATL,NL
1992,CHN,NL
1992,CIN,NL
1992,HOU,NL
1992,LAN,NL
1992,MON,NL
1992,NYN,NL
1992,PHI,NL
1992,PIT,NL
1992,SDN,NL
1992,SFN,NL
1992,SLN,NL
1993,BAL,AL
1993,BOS,AL
1993,CAL,AL
1993,CHA,AL
1993,CLE,AL
1993,DET,AL
1993,KCA,AL
1993,MIL,AL
1993,MIN,AL
1993,NYA,AL
1993,OAK,AL
1993,SEA,AL
1993,TEX,AL
1993,TOR,AL
1993,ATL,NL
1993,CHN,NL
1993,CIN,NL
1993,COL,NL
1993,FLO,NL
1993,HOU,NL
1993,LAN,NL
1993,MON,NL
1993,NYN,NL
1993,PHI,NL
1993,PIT,NL
1993,SDN,NL
1993,SFN,NL
1993,SLN,NL
1994,BAL,AL
1994,BOS,AL
1994,CAL,AL
1994,CHA,AL
1994,CLE,AL
1994,DET,AL
1994,KCA,AL
1994,MIL,AL
1994,MIN,AL
1994,NYA,AL
1994,OAK,AL
1994,SEA,AL
1994,TEX,AL
1994,TOR,AL
1994,ATL,NL
1994,CHN,NL
1994,CIN,NL
1994,COL,NL
1994,FLO,NL
1994,HOU,NL
1994,LAN,NL
1994,MON,NL
1994,NYN,NL
1994,PHI,NL
1994,PIT,NL
1994,SDN,NL
1994,SFN,NL
1994,SLN,NL
1995,BAL,AL
1995,BOS,AL
1995,CAL,AL
1995,CHA,AL
1995,CLE,AL
1995,DET,AL
1995,KCA,AL
1995,MIL,AL
1995,MIN,AL
1995,NYA,AL
1995,OAK,AL
1995,SEA,AL
1995,TEX,AL
1995,TOR,AL
1995,ATL,NL
1995,CHN,NL
1995,CIN,NL
1995,COL,NL
1995,FLO,NL
1995,HOU,NL
1995,LAN,NL
1995,MON,NL
1995,NYN,NL
1995,PHI,NL
1995,PIT,NL
1995,SDN,NL
1995,SFN,NL
1995,SLN,NL
1996,BAL,AL
1996,BOS,AL
1996,CAL,AL
1996,CHA,AL
1996,CLE,AL
1996,DET,AL
1996,KCA,AL
1996,MIL,AL
1996,MIN,AL
1996,NYA,AL
1996,OAK,AL
1996,SEA,AL
1996,TEX,AL
1996,TOR,AL
1996,ATL,NL
1996,CHN,NL
1996,CIN,NL
1996,COL,NL
1996,FLO,NL
1996,HOU,NL
1996,LAN,NL
1996,MON,NL
1996,NYN,NL
1996,PHI,NL
1996,PIT,NL
1996,SDN,NL
1996,SFN,NL
1996,SLN,NL
1997,ANA,AL
1997,BAL,AL
1997,BOS,AL
1997,CHA,AL
1997,CLE,AL
1997,DET,AL
1997,KCA,AL
1997,MIL,AL
1997,MIN,AL
1997,NYA,AL
1997,OAK,AL
1997,SEA,AL
1997,TEX,AL
1997,TOR,AL
1997,ATL,NL
1997,CHN,NL
1997,CIN,NL
1997,COL,NL
1997,FLO,NL
1997,HOU,NL
1997,LAN,NL
1997,MON,NL
1997,NYN,NL
1997,PHI,NL
1997,PIT,NL
1997,SDN,NL
1997,SFN,NL
1997,SLN,NL
1998,ANA,AL
1998,BAL,AL
1998,BOS,AL
1998,CHA,AL
1998,CLE,AL
1998,DET,AL
1998,KCA,AL
1998,MIN,AL
1998,NYA,AL
1998,OAK,AL
1998,SEA,AL
1998,TBA,AL
1998,TEX,AL
1998,TOR,AL
1998,ARI,NL
1998,ATL,NL
1998,CHN,NL
1998,CIN,NL
1998,COL,NL
1998,FLO,NL
1998,HOU,NL
1998,LAN,NL
1998,MIL,NL
1998,MON,NL
1998,NYN,NL
1998,PHI,NL
1998,PIT,NL
1998,SDN,NL
1998,SFN,NL
1998,SLN,NL
1999,ANA,AL
1999,BAL,AL
1999,BOS,AL
1999,CHA,AL
1999,CLE,AL
1999,DET,AL
1999,KCA,AL
1999,MIN,AL
1999,NYA,AL
1999,OAK,AL
1999,SEA,AL
1999,TBA,AL
1999,TEX,AL
1999,TOR,AL
1999,ARI,NL
1999,ATL,NL
1999,CHN,NL
1999,CIN,NL
1999,COL,NL
1999,FLO,NL
1999,HOU,NL
1999,LAN,NL
1999,MIL,NL
1999,MON,NL
1999,NYN,NL
1999,PHI,NL
1999,PIT,NL
1999,SDN,NL
1999,SFN,NL
1999,SLN,NL
2000,ANA,AL
2000,BAL,AL
2000,BOS,AL
2000,CHA,AL
2000,CLE,AL
2000,DET,AL
2000,KCA,AL
2000,MIN,AL
2000,NYA,AL
2000,OAK,AL
2000,SEA,AL
2000,TBA,AL
2000,TEX,AL
2000,TOR,AL
2000,ARI,NL
2000,ATL,NL
2000,CHN,NL
2000,CIN,NL
2000,COL,NL
2000,FLO,NL
2000,HOU,NL
2000,LAN,NL
2000,MIL,NL
2000,MON,NL
2000,NYN,NL
2000,PHI,NL
2000,PIT,NL
2000,SDN,NL
2000,SFN,NL
2000,SLN,NL
2001,ANA,AL
2001,BAL,AL
2001,BOS,AL
2001,CHA,AL
2001,CLE,AL
2001,DET,AL
2001,KCA,AL
2001,MIN,AL
2001,NYA,AL
2001,OAK,AL
2001,SEA,AL
2001,TBA,AL
2001,TEX,AL
2001,TOR,AL
2001,ARI,NL
2001,ATL,NL
2001,CHN,NL
2001,CIN,NL
2001,COL,NL
2001,FLO,NL
2001,HOU,NL
2001,LAN,NL
2001,MIL,NL
2001,MON,NL
2001,NYN,NL
2001,PHI,NL
2001,PIT,NL
2001,SDN,NL
2001,SFN,NL
2001,SLN,NL
2002,ANA,AL
2002,BAL,AL
2002,BOS,AL
2002,CHA,AL
2002,CLE,AL
2002,DET,AL
2002,KCA,AL
2002,MIN,AL
2002,NYA,AL
2002,OAK,AL
2002,SEA,AL
2002,TBA,AL
2002,TEX,AL
2002,TOR,AL
2002,ARI,NL
2002,ATL,NL
2002,CHN,NL
2002,CIN,NL
2002,COL,NL
2002,FLO,NL
2002,HOU,NL
2002,LAN,NL
2002,MIL,NL
2002,MON,NL
2002,NYN,NL
2002,PHI,NL
2002,PIT,NL
2002,SDN,NL
2002,SFN,NL
2002,SLN,NL
2003,ANA,AL
2003,BAL,AL
2003,BOS,AL
2003,CHA,AL
2003,CLE,AL
2003,DET,AL
2003,KCA,AL
2003,MIN,AL
2003,NYA,AL
2003,OAK,AL
2003,SEA,AL
2003,TBA,AL
2003,TEX,AL
2003,TOR,AL
2003,ARI,NL
2003,ATL,NL
2003,CHN,NL
2003,CIN,NL
2003,COL,NL
2003,FLO,NL
2003,HOU,NL
2003,LAN,NL
2003,MIL,NL
2003,MON,NL
2003,NYN,NL
2003,PHI,NL
2003,PIT,NL
2003,SDN,NL
2003,SFN,NL
2003,SLN,NL
2004,ANA,AL
2004,BAL,AL
2004,BOS,AL
2004,CHA,AL
2004,CLE,AL
2004,DET,AL
2004,KCA,AL
2004,MIN,AL
2004,NYA,AL
2004,OAK,AL
2004,SEA,AL
2004,TBA,AL
2004,TEX,AL
2004,TOR,AL
2004,ARI,NL
2004,ATL,NL
2004,CHN,NL
2004,CIN,NL
2004,COL,NL
2004,FLO,NL
2004,HOU,NL
2004,LAN,NL
2004,MIL,NL
2004,MON,NL
2004,NYN,NL
2004,PHI,NL
2004,PIT,NL
2004,SDN,NL
2004,SFN,NL
2004,SLN,NL
2005,ANA,AL
2005,BAL,AL
2005,BOS,AL
2005,CHA,AL
2005,CLE,AL
2005,DET,AL
2005,KCA,AL
2005,MIN,AL
2005,NYA,AL
2005,OAK,AL
2005,SEA,AL
2005,TBA,AL
2005,TEX,AL
2005,TOR,AL
2005,ARI,NL
2005,ATL,NL
2005,CHN,NL
2005,CIN,NL
2005,COL,NL
2005,FLO,NL
2005,HOU,NL
2005,LAN,NL
2005,MIL,NL
2005,NYN,NL
2005,PHI,NL
2005,PIT,NL
2005,SDN,NL
2005,SFN,NL
2005,SLN,NL
2005,WAS,NL
2006,ANA,AL
2006,BAL,AL
2006,BOS,AL
2006,CHA,AL
2006,CLE,AL
2006,DET,AL
2006,KCA,AL
2006,MIN,AL
2006,NYA,AL
2006,OAK,AL
2006,SEA,AL
2006,TBA,AL
2006,TEX,AL
2006,TOR,AL
2006,ARI,NL
2006,ATL,NL
2006,CHN,NL
2006,CIN,NL
2006,COL,NL
2006,FLO,NL
2006,HOU,NL
2006,LAN,NL
2006,MIL,NL
2006,NYN,NL
2006,PHI,NL
2006,PIT,NL
2006,SDN,NL
2006,SFN,NL
2006,SLN,NL
2006,WAS,NL
2007,ANA,AL
2007,BAL,AL
2007,BOS,AL
2007,CHA,AL
2007,CLE,AL
2007,DET,AL
2007,KCA,AL
2007,MIN,AL
2007,NYA,AL
2007,OAK,AL
2007,SEA,AL
2007,TBA,AL
2007,TEX,AL
2007,TOR,AL
2007,ARI,NL
2007,ATL,NL
2007,CHN,NL
2007,CIN,NL
2007,COL,NL
2007,FLO,NL
2007,HOU,NL
2007,LAN,NL
2007,MIL,NL
2007,NYN,NL
2007,PHI,NL
2007,PIT,NL
2007,SDN,NL
2007,SFN,NL
2007,SLN,NL
2007,WAS,NL
2008,ANA,AL
2008,BAL,AL
2008,BOS,AL
2008,CHA,AL
2008,CLE,AL
2008,DET,AL
2008,KCA,AL
2008,MIN,AL
2008,NYA,AL
2008,OAK,AL
2008,SEA,AL
2008,TBA,AL
2008,TEX,AL
2008,TOR,AL
2008,ARI,NL
2008,ATL,NL
2008,CHN,NL
2008,CIN,NL
2008,COL,NL
2008,FLO,NL
2008,HOU,NL
2008,LAN,NL
2008,MIL,NL
2008,NYN,NL
2008,PHI,NL
2008,PIT,NL
2008,SDN,NL
2008,SFN,NL
2008,SLN,NL
2008,WAS,NL
2009,ANA,AL
2009,BAL,AL
2009,BOS,AL
2009,CHA,AL
2009,CLE,AL
2009,DET,AL
2009,KCA,AL
2009,MIN,AL
2009,NYA,AL
2009,OAK,AL
2009,SEA,AL
2009,TBA,AL
2009,TEX,AL
2009,TOR,AL
2009,ARI,NL
2009,ATL,NL
2009,CHN,NL
2009,CIN,NL
2009,COL,NL
2009,FLO,NL
2009,HOU,NL
2009,LAN,NL
2009,MIL,NL
2009,NYN,NL
2009,PHI,NL
2009,PIT,NL
2009,SDN,NL
2009,SFN,NL
2009,SLN,NL
2009,WAS,NL
2010,ANA,AL
2010,BAL,AL
2010,BOS,AL
2010,CHA,AL
2010,CLE,AL
2010,DET,AL
2010,KCA,AL
2010,MIN,AL
2010,NYA,AL
2010,OAK,AL
2010,SEA,AL
2010,TBA,AL
2010,TEX,AL
2010,TOR,AL
2010,ARI,NL
2010,ATL,NL
2010,CHN,NL
2010,CIN,NL
2010,COL,NL
2010,FLO,NL
2010,HOU,NL
2010,LAN,NL
2010,MIL,NL
2010,NYN,NL
2010,PHI,NL
2010,PIT,NL
2010,SDN,NL
2010,SFN,NL
2010,SLN,NL
2010,WAS,NL
2011,ANA,AL
2011,BAL,AL
2011,BOS,AL
2011,CHA,AL
2011,CLE,AL
2011,DET,AL
2011,KCA,AL
2011,MIN,AL
2011,NYA,AL
2011,OAK,AL
2011,SEA,AL
2011,TBA,AL
2011,TEX,AL
2011,TOR,AL
2011,ARI,NL
2011,ATL,NL
2011,CHN,NL
2011,CIN,NL
2011,COL,NL
2011,FLO,NL
2011,HOU,NL
2011,LAN,NL
2011,MIL,NL
2011,NYN,NL
2011,PHI,NL
2011,PIT,NL
2011,SDN,NL
2011,SFN,NL
2011,SLN,NL
2011,WAS,NL
2012,ANA,AL
2012,BAL,AL
2012,BOS,AL
2012,CHA,AL
2012,CLE,AL
2012,DET,AL
2012,KCA,AL
2012,MIN,AL
2012,NYA,AL
2012,OAK,AL
2012,SEA,AL
2012,TBA,AL
2012,TEX,AL
2012,TOR,AL
2012,ARI,NL
2012,ATL,NL
2012,CHN,NL
2012,CIN,NL
2012,COL,NL
2012,HOU,NL
2012,LAN,NL
2012,MIA,NL
2012,MIL,NL
2012,NYN,NL
2012,PHI,NL
2012,PIT,NL
2012,SDN,NL
2012,SFN,NL
2012,SLN,NL
2012,WAS,NL
2013,ANA,AL
2013,BAL,AL
2013,BOS,AL
2013,CHA,AL
2013,CLE,AL
2013,DET,AL
2013,HOU,AL
2013,KCA,AL
2013,MIN,AL
2013,NYA,AL
2013,OAK,AL
2013,SEA,AL
2013,TBA,AL
2013,TEX,AL
2013,TOR,AL
2013,ARI,NL
2013,ATL,NL
2013,CHN,NL
2013,CIN,NL
2013,COL,NL
2013,LAN,NL
2013,MIA,NL
2013,MIL,NL
2013,NYN,NL
2013,PHI,NL
2013,PIT,NL
2013,SDN,NL
2013,SFN,NL
2013,SLN,NL
2013,WAS,NL
2014,ANA,AL
2014,BAL,AL
2014,BOS,AL
2014,CHA,AL
2014,CLE,AL
2014,DET,AL
2014,HOU,AL
2014,KCA,AL
2014,MIN,AL
2014,NYA,AL
2014,OAK,AL
2014,SEA,AL
2014,TBA,AL
2014,TEX,AL
2014,TOR,AL
2014,ARI,NL
2014,ATL,NL
2014,CHN,NL
2014,CIN,NL
2014,COL,NL
2014,LAN,NL
2014,MIA,NL
2014,MIL,NL
2014,NYN,NL
2014,PHI,NL
2014,PIT,NL
2014,SDN,NL
2014,SFN,NL
2014,SLN,NL
2014,WAS,NL
2015,ANA,AL
2015,BAL,AL
2015,BOS,AL
2015,CHA,AL
2015,CLE,AL
2015,DET,AL
2015,HOU,AL
2015,KCA,AL
2015,MIN,AL
2015,NYA,AL
2015,OAK,AL
2015,SEA,AL
2015,TBA,AL
2015,TEX,AL
2015,TOR,AL
2015,ARI,NL
2015,ATL,NL
2015,CHN,NL
2015,CIN,NL
2015,COL,NL
2015,LAN,NL
2015,MIA,NL
2015,MIL,NL
2015,NYN,NL
2015,PHI,NL
2015,PIT,NL
2015,SDN,NL
2015,SFN,NL
2015,SLN,NL
2015,WAS,NL
2016,ANA,AL
2016,BAL,AL
2016,BOS,AL
2016,CHA,AL
2016,CLE,AL
2016,DET,AL
2016,HOU,AL
2016,KCA,AL
2016,MIN,AL
2016,NYA,AL
2016,OAK,AL
2016,SEA,AL
2016,TBA,AL
2016,TEX,AL
2016,TOR,AL
2016,ARI,NL
2016,ATL,NL
2016,CHN,NL
2016,CIN,NL
2016,COL,NL
2016,LAN,NL
2016,MIA,NL
2016,MIL,NL
2016,NYN,NL
2016,PHI,NL
2016,PIT,NL
2016,SDN,NL
2016,SFN,NL
2016,SLN,NL
2016,WAS,NL
2017,ANA,AL
2017,BAL,AL
2017,BOS,AL
2017,CHA,AL
2017,CLE,AL
2017,DET,AL
2017,HOU,AL
2017,KCA,AL
2017,MIN,AL
2017,NYA,AL
2017,OAK,AL
2017,SEA,AL
2017,TBA,AL
2017,TEX,AL
2017,TOR,AL
2017,ARI,NL
2017,ATL,NL
2017,CHN,NL
2017,CIN,NL
2017,COL,NL
2017,LAN,NL
2017,MIA,NL
2017,MIL,NL
2017,NYN,NL
2017,PHI,NL
2017,PIT,NL
2017,SDN,NL
2017,SFN,NL
2017,SLN,NL
2017,WAS,NL
2018,ANA,AL
2018,BAL,AL
2018,BOS,AL
2018,CHA,AL
2018,CLE,AL
2018,DET,AL
2018,HOU,AL
2018,KCA,AL
2018,MIN,AL
2018,NYA,AL
2018,OAK,AL
2018,SEA,AL
2018,TBA,AL
2018,TEX,AL
2018,TOR,AL
2018,ARI,NL
2018,ATL,NL
2018,CHN,NL
2018,CIN,NL
2018,COL,NL
2018,LAN,NL
2018,MIA,NL
2018,MIL,NL
2018,NYN,NL
2018,PHI,NL
2018,PIT,NL
2018,SDN,NL
2018,SFN,NL
2018,SLN,NL
2018,WAS,NL
2019,ANA,AL
2019,BAL,AL
2019,BOS,AL
2019,CHA,AL
2019,CLE,AL
2019,DET,AL
2019,HOU,AL
2019,KCA,AL
2019,MIN,AL
2019,NYA,AL
2019,OAK,AL
2019,SEA,AL
2019,TBA,AL
2019,TEX,AL
2019,TOR,AL
2019,ARI,NL
2019,ATL,NL
2019,CHN,NL
2019,CIN,NL
2019,COL,NL
2019,LAN,NL
2019,MIA,NL
2019,MIL,NL
2019,NYN,NL
2019,PHI,NL
2019,PIT,NL
2019,SDN,NL
2019,SFN,NL
2019,SLN,NL
2019,WAS,NL
2020,ANA,AL
2020,BAL,AL
2020,BOS,AL
2020,CHA,AL
2020,CLE,AL
2020,DET,AL
2020,HOU,AL
2020,KCA,AL
2020,MIN,AL
2020,NYA,AL
2020,OAK,AL
2020,SEA,AL
2020,TBA,AL
2020,TEX,AL
2020,TOR,AL
2020,ARI,NL
2020,ATL,NL
2020,CHN,NL
2020,CIN,NL
2020,COL,NL
2020,LAN,NL
2020,MIA,NL
2020,MIL,NL
2020,NYN,NL
2020,PHI,NL
2020,PIT,NL
2020,SDN,NL
2020,SFN,NL
2020,SLN,NL
2020,WAS,NL
2021,ANA,AL
2021,BAL,AL
2021,BOS,AL
2021,CHA,AL
2021,CLE,AL
2021,DET,AL
2021,HOU,AL
2021,KCA,AL
2021,MIN,AL
2021,NYA,AL
2021,OAK,AL
2021,SEA,AL
2021,TBA,AL
2021,TEX,AL
2021,TOR,AL
2021,ARI,NL
2021,ATL,NL
2021,CHN,NL
2021,CIN,NL
2021,COL,NL
2021,LAN,NL
2021,MIA,NL
2021,MIL,NL
2021,NYN,NL
2021,PHI,NL
2021,PIT,NL
2021,SDN,NL
2021,SFN,NL
2021,SLN,NL
2021,WAS,NL
2022,ANA,AL
2022,BAL,AL
2022,BOS,AL
2022,CHA,AL
2022,CLE,AL
2022,DET,AL
2022,HOU,AL
2022,KCA,AL
2022,MIN,AL
2022,NYA,AL
2022,OAK,AL
2022,SEA,AL
2022,TBA,AL
2022,TEX,AL
2022,TOR,AL
2022,ARI,NL
2022,ATL,NL
2022,CHN,NL
2022,CIN,NL
2022,COL,NL
2022,LAN,NL
2022,MIA,NL
2022,MIL,NL
2022,NYN,NL
2022,PHI,NL
2022,PIT,NL
2022,SDN,NL
2022,SFN,NL
2022,SLN,NL
2022,WAS,NL
2023,ANA,AL
2023,BAL,AL
2023,BOS,AL
2023,CHA,AL
2023,CLE,AL
2023,DET,AL
2023,HOU,AL
2023,KCA,AL
2023,MIN,AL
2023,NYA,AL
2023,OAK,AL
2023,SEA,AL
2023,TBA,AL
2023,TEX,AL
2023,TOR,AL
2023,ARI,NL
2023,ATL,NL
2023,CHN,NL
2023,CIN,NL
2023,COL,NL
2023,LAN,NL
2023,MIA,NL
2023,MIL,NL
2023,NYN,NL
2023,PHI,NL
2023,PIT,NL
2023,SDN,NL
2023,SFN,NL
2023,SLN,NL
2023,WAS,NL
2024,ANA,AL
2024,BAL,AL
2024,BOS,AL
2024,CHA,AL
2024,CLE,AL
2024,DET,AL
2024,HOU,AL
2024,KCA,AL
2024,MIN,AL
2024,NYA,AL
2024,OAK,AL
2024,SEA,AL
2024,TBA,AL
2024,TEX,AL
2024,TOR,AL
2024,ARI,NL
2024,ATL,NL
2024,CHN,NL
2024,CIN,NL
2024,COL,NL
2024,LAN,NL
2024,MIA,NL
2024,MIL,NL
2024,NYN,NL
2024,PHI,NL
2024,PIT,NL
2024,SDN,NL
2024,SFN,NL
2024,SLN,NL
2024,WAS,NL
2025,ANA,AL
2025,ATH,AL
2025,BAL,AL
2025,BOS,AL
2025,CHA,AL
2025,CLE,AL
2025,DET,AL
2025,HOU,AL
2025,KCA,AL
2025,MIN,AL
2025,NYA,AL
2025,SEA,AL
2025,TBA,AL
2025,TEX,AL
2025,TOR,AL
2025,ARI,NL
2025,ATL,NL
2025,CHN,NL
2025,CIN,NL
2025,COL,NL
2025,LAN,NL
2025,MIA,NL
2025,MIL,NL
2025,NYN,NL
2025,PHI,NL
2025,PIT,NL
2025,SDN,NL
2025,SFN,NL
2025,SLN,NL
2025,WAS,NL
